ACME Hotel Back Office Web Reservations, ACME Hotel Back Office Business Services - Web Reservations
ACME Hotel Back Office Mobile Reservations, ACME Hotel Back Office Business Services - Mobile Reservations
ACME Hotel Back Office Check In&Out, ACME Hotel Back Office Business Services - Check In Check Out Digital Key
ACME Hotel Back Office In-Room Entertainment, ACME Hotel Back Office Business Services - In Room Entertainment
ACME Hotel Back Office Housekeepng Management, ACME Hotel Back Office Business Services - Housekeeping Management
ACME Hotel Back Office Facilities Management, ACME Hotel Back Office Business Services - Facilities Management
ACME Hotel Back Office DevOps, ACME Hotel Back Office Business Services - DevOps
ACME Hotel Amercius GA Guest Relations, ACME Hotel Amercius GA - Guest Relations
ACME Hotel Amercius GA Housekeeping, ACME Hotel Amercius GA - Housekeeping
ACME Hotel Amercius GA Facilities Engineering, ACME Hotel Amercius GA - Facilities Engineering
ACME Hotel Augusta GA Guest Relations, ACME Hotel Augusta GA - Guest Relations
ACME Hotel Augusta GA Housekeeping, ACME Hotel Augusta GA - Housekeeping
ACME Hotel Augusta GA Facilities Engineering, ACME Hotel Augusta GA - Facilities Engineering
ACME Hotel Macon GA Guest Relations, ACME Hotel Macon GA - Guest Relations
ACME Hotel Macon GA Housekeeping, ACME Hotel Macon GA - Housekeeping
ACME Hotel Macon GA Facilities Engineering, ACME Hotel Macon GA - Facilities Engineering
ACME Hotel Birmingham AL Guest Relations, ACME Hotel Birmingham AL - Guest Relations
ACME Hotel Birmingham AL Housekeeping, ACME Hotel Birmingham AL - Housekeeping
ACME Hotel Birmingham AL Facilities Engineering, ACME Hotel Birmingham AL - Facilities Engineering
ACME Hotel Panama City FL Guest Relations, ACME Hotel Panama City FL - Guest Relations
ACME Hotel Panama City FL Housekeeping, ACME Hotel Panama City FL - Housekeeping
ACME Hotel Panama City FL Facilities Engineering, ACME Hotel Panama City FL - Facilities Engineering