Rachel Booker,Rachel.Booker@augmenthor.com,admin,PJHWH4S
Laura Grey,Laura.Grey@augmenthor.com,read_only_user,PG88GS2
Craig Johnson,Craig.Johnson@augmenthor.com,read_only_limited_user,PCYKFCC
Lenna	Paprocki,Lenna.Paprocki@augmenthor.com,read_only_user,PYMZF0P
Donette	Foller,Donette.Foller@augmenthor.com,observer,PVQOENM
Simona	Morasca,Simona.Morasca@augmenthor.com,limited_user,PRE0DYZ
Mitsue	Tollner,Mitsue.Tollner@augmenthor.com,team_responder,PO4CCJ9
Leota	Dilliard,Leota.Dilliard@augmenthor.com,restricted_access,P7VRC6J
Sage	Wieser,Sage.Wieser@augmenthor.com,team_responder,P3J3BUW
Kris	Marrier,Kris.Marrier@augmenthor.com,read_only_limited_user,P09FAF6
Minna	Amigon,Minna.Amigon@augmenthor.com,observer,PJ61B2Q
Abel	Maclead,Abel.Maclead@augmenthor.com,limited_user,PFWDAQ0
Kiley	Caldarera,Kiley.Caldarera@augmenthor.com,admin,PBKSZAA
Graciela	Ruta,Graciela.Ruta@augmenthor.com,observer,PYO4YLN
Cammy	Albares,Cammy.Albares@augmenthor.com,team_responder,PUBGY8K
Mattie	Poquette,Mattie.Poquette@augmenthor.com,team_responder,PR2VXWX
Meaghan	Garufi,Meaghan.Garufi@augmenthor.com,limited_user,PNT7WH7
Gladys	Rim,Gladys.Rim@augmenthor.com,observer,P6GJW4H
Yuki	Whobrey,Yuki.Whobrey@augmenthor.com,team_responder,P37YVSU
Fletcher	Flosi,Fletcher.Flosi@augmenthor.com,team_responder,PM3HVCB
Bette	Nicka,Bette.Nicka@augmenthor.com,observer,PIUWV0O
Veronika	Inouye,Veronika.Inouye@augmenthor.com,read_only_limited_user,PEI8UNL
Willard	Kolmetz,Willard.Kolmetz@augmenthor.com,team_responder,PB8KTYY
Maryann	Royster,Maryann.Royster@augmenthor.com,read_only_user,PXZZSJ8
Alisha	Slusarski,Alisha.Slusarski@augmenthor.com,limited_user,PU0OS6I
Allene	Iturbide,Allene.Iturbide@augmenthor.com,read_only_user,PQR0RUV
Chanel	Caudy,Chanel.Caudy@augmenthor.com,read_only_limited_user,P9ECQF5
Ezekiel	Chui,Ezekiel.Chui@augmenthor.com,admin,P65RQ2F
Willow	Kusko,Willow.Kusko@augmenthor.com,observer,P2W3PQS
Bernardo	Figeroa,Bernardo.Figeroa@augmenthor.com,observer,PLSPPAZ
Ammie	Corrio,Ammie.Corrio@augmenthor.com,observer,PHG1OL9
Francine	Vocelka,Francine.Vocelka@augmenthor.com,read_only_user,PE6DO8J
Ernie	Stenseth,Ernie.Stenseth@augmenthor.com,observer,PAXSNWW
Albina	Glick,lbina.Glick@augmenthor.com,team_responder,PWL49H6
Alishia	Sergi,lishia.Sergi@augmenthor.com,observer,PTOG94G
Solange	Shinko,Solange.Shinko@augmenthor.com,read_only_limited_user,PPCV8ST
Jose	Stockham,Jose.Stockham@augmenthor.com,observer,P9377D3
Rozella	Ostrosky,Rozella.Ostrosky@augmenthor.com,read_only_user,P5TJ70D
Valentine	Gillian,Valentine.Gillian@augmenthor.com,read_only_user,P1HY6OQ
Kati	Rulapaugh,Kati.Rulapaugh@augmenthor.com,observer,PKDH6YX
Youlanda	Schemmer,Youlanda.Schemmer@augmenthor.com,read_only_limited_user,PH4W5J7
Dyan	Oldroyd,Dyan.Oldroyd@augmenthor.com,observer,PDV856H
Roxane	Campain,Roxane.Campain@augmenthor.com,limited_user,PZIK4UU
Lavera	Perin,Lavera.Perin@augmenthor.com,read_only_limited_user,PW9Z3F4
Erick	Ferencz,Erick.Ferencz@augmenthor.com,observer,PSAO32E
Fatima	Saylors,Fatima.Saylors@augmenthor.com,team_responder,PP102QR
Jina	Briddick,Jina.Briddick@augmenthor.com,observer,P8RC1B1
Kanisha	Waycott,Kanisha.Waycott@augmenthor.com,team_responder,P4FR0LB
Emerson	Bowley,Emerson.Bowley@augmenthor.com,limited_user,P16309O
Blair	Malet,Blair.Malet@augmenthor.com,observer,PK2P0WV
