Rachel Booker,Rachel.Booker@augmenthor.com,admin,PP5XO1V
Laura Grey,Laura.Grey@augmenthor.com,read_only_user,P8W9NP5
Craig Johnson,Craig.Johnson@augmenthor.com,read_only_limited_user,P1NA8KS
Lenna	Paprocki,Lenna.Paprocki@augmenthor.com,read_only_user,PK6J97Z
Donette	Foller,Donette.Foller@augmenthor.com,observer,PGXY8V9
Simona	Morasca,Simona.Morasca@augmenthor.com,limited_user,PCLN7FJ
Mitsue	Tollner,Mitsue.Tollner@augmenthor.com,team_responder,PZOM73W
Leota	Dilliard,Leota.Dilliard@augmenthor.com,restricted_access,PVCB6R6
Sage	Wieser,Sage.Wieser@augmenthor.com,team_responder,PS3Q5BG
Kris	Marrier,Kris.Marrier@augmenthor.com,read_only_limited_user,POU24MT
Minna	Amigon,Minna.Amigon@augmenthor.com,observer,P7HE4N3
Abel	Maclead,Abel.Maclead@augmenthor.com,limited_user,P0Z52IQ
Kiley	Caldarera,Kiley.Caldarera@augmenthor.com,admin,PJVR35X
Graciela	Ruta,Graciela.Ruta@augmenthor.com,observer,PFJ32T7
Cammy	Albares,Cammy.Albares@augmenthor.com,team_responder,PYAU11U
Mattie	Poquette,Mattie.Poquette@augmenthor.com,team_responder,PV160P4
Meaghan	Garufi,Meaghan.Garufi@augmenthor.com,limited_user,PRRHMZE
Gladys	Rim,Gladys.Rim@augmenthor.com,observer,P768L81
Yuki	Whobrey,Yuki.Whobrey@augmenthor.com,team_responder,P3WKKVB
Fletcher	Flosi,Fletcher.Flosi@augmenthor.com,team_responder,PMT6KFI
Bette	Nicka,Bette.Nicka@augmenthor.com,observer,PF7XJR5
Veronika	Inouye,Veronika.Inouye@augmenthor.com,read_only_limited_user,PBY9IBF
Willard	Kolmetz,Willard.Kolmetz@augmenthor.com,team_responder,PUPAHN2
Maryann	Royster,Maryann.Royster@augmenthor.com,read_only_user,PQDPGXC
Alisha	Slusarski,Alisha.Slusarski@augmenthor.com,limited_user,PN41FIP
Allene	Iturbide,Allene.Iturbide@augmenthor.com,read_only_user,P6UDF5M
Chanel	Caudy,Chanel.Caudy@augmenthor.com,read_only_limited_user,P2ISETZ
Ezekiel	Chui,Ezekiel.Chui@augmenthor.com,admin,PLEBEDG
Willow	Kusko,Willow.Kusko@augmenthor.com,observer,PEW2DP3
Bernardo	Figeroa,Bernardo.Figeroa@augmenthor.com,observer,PXNTBKQ
Ammie	Corrio,Ammie.Corrio@augmenthor.com,observer,PTB5B80
Francine	Vocelka,Francine.Vocelka@augmenthor.com,read_only_user,PQ1HAVA
Ernie	Stenseth,Ernie.Stenseth@augmenthor.com,observer,P5G8Z3K
Albina	Glick,lbina.Glick@augmenthor.com,team_responder,P26KYRX
Alishia	Sergi,lishia.Sergi@augmenthor.com,observer,PL36YBE
Solange	Shinko,Solange.Shinko@augmenthor.com,read_only_limited_user,PHTIXMR
Jose	Stockham,Jose.Stockham@augmenthor.com,observer,PA89WXB
Rozella	Ostrosky,Rozella.Ostrosky@augmenthor.com,read_only_user,PWYLVIO
Valentine	Gillian,Valentine.Gillian@augmenthor.com,read_only_user,PSMAV5L
Kati	Rulapaugh,Kati.Rulapaugh@augmenthor.com,observer,P8E1TE8
Youlanda	Schemmer,Youlanda.Schemmer@augmenthor.com,read_only_limited_user,P54DT1I
Dyan	Oldroyd,Dyan.Oldroyd@augmenthor.com,observer,P1VSSPV
Roxane	Campain,Roxane.Campain@augmenthor.com,limited_user,PKRBSZC
Lavera	Perin,Lavera.Perin@augmenthor.com,read_only_limited_user,PD62R7M
Erick	Ferencz,Erick.Ferencz@augmenthor.com,observer,PZWEQVZ
Fatima	Saylors,Fatima.Saylors@augmenthor.com,team_responder,PVKTPG9
Jina	Briddick,Jina.Briddick@augmenthor.com,observer,POBHORW
Kanisha	Waycott,Kanisha.Waycott@augmenthor.com,team_responder,P82WNC6
Emerson	Bowley,Emerson.Bowley@augmenthor.com,limited_user,P4T89MG
Blair	Malet,Blair.Malet@augmenthor.com,observer,P0GK9NT
